Country,Status,Date,Center.ID,Center,Verified,Type,Activity,Org,Capacity,Equipment..R.A.G.,Staff,Doctors,Nurses,Isolation.Facility,PPE,Burial.Site,Water,Power,Comm.,Date.open,Date.closed,Region,Adm1.ID,District,Adm2.ID,Adm3,Place,Lat,Long,Address,Clinic.Website,Notes..example..If.closed.why..,Source.of.info,Location.in.OSM,MTI..Zone,MTI..Zol.Facility,UN.Team,UN.Site.No,UN.site.me,UTM,UN.Gr,UNMIL.Grid,UNMIL.Grid.New,Facility me,OK
Liberia,Open,19.08.14,LR21-000054,Balagwalazu Clinic,,Clinic,,IRC,N/A,,,,,,,,,,,,,Lofa,LBR08,Zorzor,LBR0807,,Balagwalazu,7.79918,-9.7141,,,,,,,,,,,,,,,Balagwalazu Clinic,yes
Liberia,,19.08.14,LR15-000006,Gbarzon Polar,,Clinic,,Merlin,N/A,,,,,,,,,,,,,Grand Gedeh,LBR06,Cavalla,LBR0602,,,6.16245,-8.56683,,,,,,,,,,,,,,,,
Liberia,Open,19.08.14,LR21-000055,Balakpalasu Clinic,,Clinic,,IRC,N/A,,,,,,,,,,,,,Lofa,LBR08,Voinjama,LBR0806,,Ballakpalazu,8.16851,-9.69254,,,,,,,,,,,,,,,Balakpalasu Clinic,yes
Liberia,,,UN199,Bargblor Town Clinic,,Clinic,,No,,,8,-,2,,No,,,,,Spring 2014,,Grand Gedeh,LBR06,Cavalla,LBR0602,,"Bargblor Town, Gborbo Clan",6.17891,-8.30204,,,About 12 miles from Zai Town on the Tappita-Zwedru Highway (per Liberia News Agency http://www.liberianewsagency.org/pagesnews.php?nid=916),,,,,UNMO TEAM SITE - 07(ZWEDRU),7,Zwedru,29N,NG 730 770,29NNG 730 770,29NNG 730 770,Bargblor Clinic,yes
Liberia,,19.08.14,UN287,Barkedu Clinic,,Clinic,,GOL,,,,0,,,,,,,,,,Lofa,LBR08,Quardu Gboni,LBR0803,,Barkedu Town,8.299829797,-9.631134,,,,,,,,UNMO TEAM SITE –11 (VOINJAMA),11,VOINJAMA,29P,MK 30 17,29PMK 30 17,29PMK 305 175,Barkedu Clinic,yes
Liberia,,,UN289,Barziwen Clinic,,Clinic,,"GOL, IRC",,,,0,,,,,,,,,,Lofa,LBR08,Zorzor,LBR0807,,Barziwen Village,8.153284798,-9.647795,,,,,,,,UNMO TEAM SITE –11 (VOINJAMA),11,VOINJAMA,29P,MK 28639 01301,29PMK 28639 01301,29PMK 28639 01301,Barziwen Clinic,yes
Liberia,Open,,UN264,Bassagizia Clinic,Y,Clinic,,"GOL, IRC",,,,0, 3,,No,,,,,,,Lofa,LBR08,Voinjama,LBR0806,,Bassagizia Town,8.35826,-9.83682,,,,,,,,UNMO TEAM SITE –11 (VOINJAMA),11,VOINJAMA,29P,MK 07894 23991,29PMK 07894 23991,29PMK 07894 23991,Bazagizia Clinic,yes
Liberia,,,UN203,Beh Town,,Clinic,,Merlin,,,,-,2,,,,,,,,,Grand Gedeh,LBR06,Cavalla,LBR0602,,Beh (Gozo),6.178194365,-8.031979,,,,,,,,UNMO TEAM SITE - 07(ZWEDRU),7,Zwedru,29N,PG 071 830,29NPG 071 830,29NPG 071 830,Beh Town Clinic (Cavalla),yes
Liberia,,19.08.14,LR15-000003,Zleh Town,Y,Health Center,,Merlin,8,,,,,,,,,,,,,Grand Gedeh,LBR06,Cavalla,LBR0602,,Zleh Town,6.22689,-8.44005,,,,,,,,,,,,,,,,
Liberia,,,UN275,Bokeza Clinic,,,,,,,,0,2 ,,No,,,,,,,Lofa,LBR08,Zorzor,LBR0807,,Bokeza Town,7.907294806,-9.45858,,,,,,,,UNMO TEAM SITE –11 (VOINJAMA),11,VOINJAMA,29N,MJ 49453 74077,29NMJ 49453 74077,29NMJ 49453 74077,Borkeza Clinic,yes
Liberia,Open,19.08.14,LR21-000039,Bolahun Health Center,,Health Center,,PMU,15,,,,,,,,,,,,,Lofa,LBR08,Kolahun,LBR0802,,Bolahun,8.2284,-10.16216,,,,,,,,,,,,,,,Bolahun Health Center,yes
Liberia,,,UN263,Bondi Clinic,,,,,,,,0, 1x midwife,,No,,,,,,,Lofa,LBR08,Voinjama,LBR0806,,David Selma-ta,8.269576575,-9.760002,,,,,,,,UNMO TEAM SITE –11 (VOINJAMA),11,VOINJAMA,29P,MK 16302 14180,29PMK 16302 14180,29PMK 16302 14180,Bondi Clinic,yes
Liberia,,19.08.14,LR15-000002,Putu Pennoken,,Clinic,,Merlin,N/A,,,,,,,,,,,,,Grand Gedeh,LBR06,Konobo,LBR0606,,Pennoken,5.60069,-8.15372,,,,,,,,,,,,,,,,
Liberia,,,UN201,Borleken Clinic,,,,No,,,,-,2,,No,,,,,,,Grand Gedeh,LBR06,Cavalla,LBR0602,,,5.477048223,-8.71572,,,,,,,,UNMO TEAM SITE - 07(ZWEDRU),7,Zwedru,29N,NG 99581 7092,29NNG 99581 7092,29NNG 99581 7092,Gboleken Clinic,yes
Liberia,,,UN192,Boundary Clinic,,,,,,,,-,2,,,,,,,,,Grand Gedeh,LBR06,Konobo,LBR0606,,,5.879643572,-7.995475,,,,,,,,UNMO TEAM SITE - 07(ZWEDRU),7,Zwedru,29N,PG 112 500,29NPG 112 500,29NPG 112 500,Boundary Clinic,yes
Liberia,Open,,UN073,C.H. Rennie Hospital,,Hospital,,MOHSW only,50 beds,,,3,34,,"Available, need additiol but quantity not confirmed",Not selected,,,,,,Margibi,LBR09,Kakata,LBR0903,,Kakata,6.520118926,-10.350275,,,,,,,,UNMO TEAM SITE 03 (KAKATA TEAM SITE),3,Kakata,29N,LH 507 209,29NLH 507 209,29NLH 507 209,CH Rennie Hospital,yes
Liberia,,19.08.14,LR24-000025,Charlesville Clinic,,Clinic,,MOHSW only,N/A,,,,,,,,,,,,,Margibi,LBR09,Mambah-Kaba,LBR0904,,Charlesville,6.19674,-10.38061,,,,,,,,,,,,,,,Charlseville Clinic,yes
Liberia,,19.08.14,LR15-000015,Ziah Town,Y*,Health Center,,Merlin,4,,,,,,,,,,,,,Grand Gedeh,LBR06,Konobo,LBR0606,,Fargo,5.76421,-7.85496,,,"Geolocates to Fargo town, however this is about 2miles north of Ziah Town actual. I changed 'city' to Fargo. The Center me is 'Ziah Town'. Uncertain if the coords are just a bit imprecise or if indeed the clinic is in fargo which appears from satelitte imagery to be more densely populated",,,,,,,,,,,,,
Liberia,Open,19.08.14,LR21-000006,Curran Lutheran Hospital,,Hospital,,Faith Based Organization,100,,,1,63 ,,Yes,,,,,,,Lofa,LBR08,Zorzor,LBR0807,,,7.7751,-9.43259,,,,,,,,UNMO TEAM SITE –11 (VOINJAMA),11,VOINJAMA,29N,MJ 52331 59454,29NMJ 52331 59454,29NMJ 52331 59454,Curran Lutheran Hospital,yes
Liberia,,19.08.14,LR15-000011,Gboloken,Y,Clinic,,Merlin (GOL?),N/A,,,,,,,,,,,,,Grand Gedeh,LBR06,Tchien,LBR0608,,Gbloken,6.10795,-8.19154,,,,,,,,,,,,,,,,
Liberia,,19.08.14,LR15-000001,Putu Karlorwleh,,Clinic,,Merlin,N/A,,,,,,,,,,,,,Grand Gedeh,LBR06,Tchien,LBR0608,,Zwedru,6.06229,-8.13886,,,,,,,,,,,,,,,,
Liberia,,19.08.14,LR24-000021,Dr Barcolleh,,Health Center,,Private - for profit,20,,,,,,,,,,,,,Margibi,LBR09,Kakata,LBR0903,,Kakata,6.53035,-10.8559,,,,,,,,,,,,,,,Dr Barcolleh Health Center,yes
Liberia,,,UN291,Duogomai Clinic,,Clinic,,GOL,,,,0,,,,,,,,,,Lofa,LBR08,Voinjama,LBR0806,,John’s Town (John-Ta),8.195995732,-9.726926,,,,,,,,UNMO TEAM SITE –11 (VOINJAMA),11,VOINJAMA,29P,MK 19930 06038,29PMK 19930 06038,29PMK 19930 06038,Duogomai Clinic,yes
Liberia,,19.08.14,LR24-000019,Duside Hospital,,Hospital,,,145,,,,,,,,,,,,,Margibi,LBR09,Firestone,LBR0904,,,6.35332,-10.46938,,,,,,,,,,,,,,,Du-side Hospital,yes
Liberia,,19.08.14,LR24-000034,Edward Banyan Kesselly Military Barracks,,Clinic,,MOHSW only,N/A,,,,,,,,,,,,,Margibi,LBR09,Mambah-Kaba,LBR0904,,,6.21091,-10.5689,,,,,,,,,,,,,,,Edward Beyan Kesselly Military Barracks Clinic,yes
Liberia,Open*,06/10/2014,LibFoy,Foya Case Magement Centre,Y,ETU,"ETC, Triage","Samaritans Purse, MSF",30,,,,,,,,,,,08.07.2014,-,Lofa,LBR08,Foya,LBR0801,,Foya,8.378911,-10.205757,,,Samaritan’s Purse assumed responsibility for the CMC in Foya from MSF on July 8. The facility has been expanded and can now serve a maximum of 30 patients.,http://reliefweb.int/sites/reliefweb.int/files/resources/Situation%20Report%20for%20ReliefWeb.pdf http://www.samaritans-purse.org.uk/battling-an-ebola-outbreak/,http://www.openstreetmap.org/node/2751280750,,,,,,,,,,,
Liberia,,,UN270,Fagonda Clinic,,,,,,,,0, 3,,8 sets of PPE,,,,,,,Lofa,LBR08,Kolahun,LBR0802,,Fagonda Town,8.221351048,-10.173538,,,,,,,,UNMO TEAM SITE –11 (VOINJAMA),11,VOINJAMA,29N,LK 70739 08958,29NLK 70739 08958,29PLK 70739 08958,Fangoda Clinic,yes
Liberia,,19.08.14,LR21-000056,Faith,,Clinic,,Faith Based Organization,N/A,,,,,,,,,,,,,Lofa,LBR08,Kolahun,LBR0802,,,8.3331,-10.06643,,,,,,,,,,,,,,,Faith Clinic,yes
Liberia,,19.08.14,LR24-000014,Fam Plan Assoc Lib,,Clinic,,Private - for profit,N/A,,,,,,,,,,,,,Margibi,LBR09,Kakata,LBR0903,,Kakata,6.5285,-10.35099,,,,,,,,,,,,,,,Planned Parental Association of Liberia Clinic,yes
Liberia,,19.08.14,LR21-000051,Foya Community Clinic,,Clinic,,MOHSW only,N/A,,,,,,,,,,,,,Lofa,LBR08,Foya,LBR0801,,Foya City,8.36317,-10.21287,,,,,,,,,,,,,,,,
Liberia,,19.08.14,LR21-000063,Fassawolu Health Clinic,,Clinic,,MOHSW only,N/A,,,,,,,,,,,,,Lofa,LBR08,Kolahun,LBR0802,,Fassawolo,8.38976,-10.06642,,,,,,,,,,,,,,,Fassavolu Clinic,yes
Liberia,,,UN290,Fissebu Clinic,,Clinic,,GOL,,,,0,,,,,,,,,,Lofa,LBR08,Zorzor,LBR0807,,Fissebu Town,7.823823348,-9.467858,,,,,,,,UNMO TEAM SITE –11 (VOINJAMA),11,VOINJAMA,29N,MJ 48420 64850,29NMJ 48420 64850,29NMJ 48420 64850,Fissibu Clinic,yes
Liberia,,,UN276,Foya Borma Hospital,Y,,,,,,,,,,Yes,,,,,,,Lofa,LBR08,Foya,LBR0801,,Foya City,8.354897528,-10.200777,,,,,,,,UNMO TEAM SITE –11 (VOINJAMA),11,VOINJAMA,29P,LK 67783 23734,29PLK 67783 23734,29PLK 67783 23734,Foya Boma Hospital,yes
Liberia,,19.08.14,LR21-000052,Porluma Health Post,,Clinic,,PMU,N/A,,,,,,,,,,,,,Lofa,LBR08,Foya,LBR0801,,Porluma,8.43632,-10.10746,,,,,,,,,,,,,,,,
Liberia,,,UN284,Balahun Clinic,,,,,,,,0,,,,,,,,,,Lofa,LBR08,Kolahun,LBR0802,,Balahun Town,8.332446272,-10.066484,,,,,,,,UNMO TEAM SITE –11 (VOINJAMA),11,VOINJAMA,29P,LK 82565 21209,29PLK 82565 21209,29PLK 82565 21209,,
Liberia,,19.08.14,LR21-000045,Foya Kamara Health Center,,Hospital,,MOHSW only,120,,,,,,,,,,,,,Lofa,LBR08,Foya,LBR0801,,Foya City,8.35486,-10.20047,,,,,,,,,,,,,,,Foya  Health Center,yes
Liberia,,19.08.14,LR21-000023,Foya Tengia Clinic,,Clinic,,PMU,N/A,,,,,,,,,,,,,Lofa,LBR08,Foya,LBR0801,,Foya Tengia,8.27731,-10.27498,,,,,,,,,,,,,,,Foya Tengia Clinic,yes
Liberia,,,LISGIS171,Ganglota Clinic,,Clinic,,GOL,,,,,,,,,,,,,,Lofa,LBR08,Salayea,LBR0804,,Ganglota,7.4228,-9.4934,,,,http://www.tlcafrica.com/lisgis/lisgis.htm,,,,,,,,,,,Ganglota Clinic,yes
Liberia,Open,19.08.14,UN259,Gbanway Clinic,,Clinic,,IRC,,,,0,5,N,,,,,,,,Lofa,LBR08,Salayea,LBR0804,,Gbanway,7.68782425,-9.42636,,,,,,,,UNMO TEAM SITE 10 – (GBRANGA),10,Gbranga,29N,MJ 5298 4981,29NMJ 5298 4981,29NMJ 5298 4981,Gbanway Clinic,yes
Liberia,,,UN195,Gbar Zon (ZleH) Health Center,,,,No,,,,-,12,,On progress,,,,,,,Grand Gedeh,LBR06,Gbao,LBR0603,,,6.26467473,-8.488412,,,,,,,,UNMO TEAM SITE - 07(ZWEDRU),7,Zwedru,29N,NG 5659 9249,29NNG 5659 9249,29NNG 5659 9249,Gbarzon Health Center,yes
Liberia,,,UN197,Gbarzon Jarwodee Clinic,,Clinic,,Merlin,,,,-,2,,,,,,,,,Grand Gedeh,LBR06,Gbao,LBR0603,,Jarwodee,6.11346,-8.59979,,,,,,,,UNMO TEAM SITE - 07(ZWEDRU),7,Zwedru,29N,NG 733 775,29NNG 733 775,29NNG 733 775,Gbarzon Jarwodee Clinic,yes
Liberia,,,LISGIS164,Emergency Surgical Hospital,,Hosp,,NFP,,,,,,,,,,,,,,Lofa,LBR08,Kolahun,LBR0802,,Voinjama,8.4228,-9.7532,,,,http://www.tlcafrica.com/lisgis/lisgis.htm,,,,,,,,,,,,
Liberia,,19.08.14,LR24-000031,Gbaye Town,,Clinic,,SC-UK (GOL),N/A,,,,,,,,,,,,,Margibi,LBR09,Kakata,LBR0903,,Kakata,6.63584,-10.29034,,,,,,,,,,,,,,,Gbaye-Ta Clinic,yes
Liberia,,19.08.14,LR21-000041,Kaintahun,,Clinic,,PMU,N/A,,,,,,,,,,,,,Lofa,LBR08,Kolahun,LBR0802,,,8.1622,-10.21599,,,,,,,,,,,,,,,Kaintahun Clinic,yes
Liberia,,19.08.14,LR21-000047,Gbonyea Community,,Clinic,,IRC,N/A,,,,,,,,,,,,,Lofa,LBR08,Salayea,LBR0804,,Gbonyea,7.50718,-9.5494,,,,,,,,,,,,,,,Gbonyea Clinic,yes
Liberia,,19.08.14,LR21-000057,Gondolahun,,Clinic,,"PMU,GOL",N/A,,,,,,,,,,,,,Lofa,LBR08,Kolahun,LBR0802,,Gordorlah,7.96539,-10.05559,,,,,,,,,,,,,,,Gondalahun Clinic,yes
Liberia,,19.08.14,LR15-000013,Gorbowrogba,,Clinic,,Merlin,N/A,,,,,,,,,,,,,Grand Gedeh,LBR06,Tchien,LBR0608,,,6.06245,-8.13917,,,,,,,,,,,,,,,Gorbowrogba Clinic,yes
Liberia,Open,19.08.14,UN258,Gorlu Clinic,,Clinic,,IRC,,,,Nil,3,N,,,,,,,,Lofa,LBR08,Salayea,LBR0804,,Gorlu,7.519885789,-9.479037,,,,,,,,UNMO TEAM SITE 10 – (GBRANGA),10,Gbranga,29N,MJ 4715 3125,29NMJ 4715 3125,29NMJ 4715 3125,Gorlu Clinic,yes
Liberia,,,UN269,Mbolahun Hospital,,,,,,,,0,,,No,,,,,,,Lofa,LBR08,Kolahun,LBR0802,,Mbolahun Town,8.228402294,-10.162049,,,,,,,,UNMO TEAM SITE –11 (VOINJAMA),11,VOINJAMA,29N,LK 72007 09734,29NLK 72007 09734,29PLK 72007 09734,Mbalotahun clinic,yes
Liberia,,19.08.14,LR21-000021,Isaac Kpema,,Clinic,,SC-UK,N/A,,,,,,,,,,,,,Lofa,LBR08,Foya,LBR0801,,,8.36056,-10.20963,,,,,,,,,,,,,,,Isaac F. Gbema Clinic,yes
Liberia,  ,,UN202,Janzon Clinic,,Clinic,,"Merlin,GOL",,,,-,2,,,,,,,,,Grand Gedeh,LBR06,Cavalla,LBR0602,,Jazohn,6.223448709,-8.048166,,,,,,,,UNMO TEAM SITE - 07(ZWEDRU),7,Zwedru,29N,PG 053 880,29NPG 053 880,29NPG 053 880,Janzon Clinic,yes
Liberia,,,UN254,Biggs Clinic,,,,,,,,Not Known,Not Known,N,,,,,,,,Lofa,LBR08,Salayea,LBR0804,,,7.506682026,-9.553797,,,,,,,,UNMO TEAM SITE 10 – (GBRANGA),10,Gbranga,29N,MJ 389 298,29NMJ 389 298,29NMJ 389 298,,
Liberia,,19.08.14,LR24-000020,Kakata Health Center,,Health Center,,MOHSW only,14,,,,,,,,,,,,,Margibi,LBR09,Kakata,LBR0903,,Kakata,6.54767,-10.033485,,,,,,,,,,,,,,,Kakata Health Center,yes
Liberia,,19.08.14,LR21-000007,Kamatahun Clinic,,Clinic,,MOHSW only,N/A,,,,,,,,,,,,,Lofa,LBR08,Kolahun,LBR0802,,Kamatahun-Tahamba,8.13651,-10.29624,,,,,,,,,,,,,,,Kamatahun Clinic,yes
Liberia,,,UN191,Karlowkeh Clinic,,,,,,,,-,2,,,,,,,,,Grand Gedeh,LBR06,Putu,LBR0607,,Karlowieh,5.753266077,-8.151028,,,,,,,,UNMO TEAM SITE - 07(ZWEDRU),7,Zwedru,29N,NG 940 360,29NNG 940 360,29NNG 940 360,Karlorwleh Town Clinic,yes
Liberia,,,UN252,Telemai Clinic,,,,,,,,Not Known,Not Known,N,,,,,,,,Lofa,LBR08,Salayea,LBR0804,,,7.681383801,-9.444307,,,,,,,,UNMO TEAM SITE 10 – (GBRANGA),10,Gbranga,29N,MJ 510 491,29NMJ 510 491,29NMJ 510 491,,
Liberia,,19.08.14,UN268,Kolahun Hospital,Y,Hospital,,,64,,,,,,,,,,,,,Lofa,LBR08,Kolahun,LBR0802,,Kolbah City,8.294821623,-10.083996,,,,,,,,UNMO TEAM SITE –11 (VOINJAMA),11,VOINJAMA,29N,LK 80625 17054,29NLK 80625 17054,29PLK 80625 17054,Kolahun Hospital,yes
Liberia,,19.08.14,UN273,Konia Health Center,Y,Health Center,,IRC,13,,,,,,No,,,,,,,Lofa,LBR08,Zorzor,LBR0807,,Konia Town,7.962486046,-9.543604,,,,,,,,UNMO TEAM SITE –11 (VOINJAMA),11,VOINJAMA,29N,MJ 40089 80190,29NMJ 40089 80190,29NMJ 40089 80190,Konia Health Center,yes
Liberia,,19.08.14,LISGIS180,Korworhun Clinic,,Clinic,,PMU,,,,,,,,,,,,,,Lofa,LBR08,Kolahun,LBR0802,,Korworhun,8.3167,-10.1513,,,,http://www.tlcafrica.com/lisgis/lisgis.htm,,,,,,,,,,,Korworhun Clinic,yes
Liberia,,19.08.14,UN267,Kpademai Clinic,,Clinic,,MOHSW only,,,,0, 1,,No,,,,,,,Lofa,LBR08,Voinjama,LBR0806,,Kpademai Town,8.21211,-9.90852,,,,,,,,UNMO TEAM SITE –11 (VOINJAMA),11,VOINJAMA,29P,MK 00099 97538,29PMK 00099 97538,29PMK 00099 97538,Kpademai Clinic,yes
Liberia,,19.08.14,LR21-000019,Kpaiyea Clinic,Y,Clinic,,IRC,N/A,,,,,,,,,,,,,Lofa,LBR08,Salayea,LBR0804,,Kpaiyea,7.71587,-9.38587,,,,,,,,,,,,,,,Kpaiyea Clinic,yes
Liberia,,19.08.14,LR21-000037,Kpakamai,Y,Clinic,,"PMU,GOL",N/A,,,,,,,,,,,,,Lofa,LBR08,Voinjama,LBR0806,,,8.29686,-9.87667,,,,,,,,,,,,,,,Kpakamai Clinic,yes
Liberia,,,UN253,Tinsui Clinic,,,,,,,,Not Known,Not Known,N,,,,,,,,Lofa,LBR08,Salayea,LBR0804,,,7.588099092,-9.546648,,,,,,,,UNMO TEAM SITE 10 – (GBRANGA),10,Gbranga,29N,MJ 397 388,29NMJ 397 388,29NMJ 397 388,,
Liberia,,19.08.14,LR21-000025,Kpotomai,,Clinic,,ICRC (GOL?),N/A,,,,,,,,,,,,,Lofa,LBR08,Voinjama,LBR0806,,Kpademai (1),8.22052,-9.94247,,,,,,,,,,,,,,,Kpotomai Clinic,yes
Liberia,,19.08.14,LR24-000007,Lakayta Town,,Clinic,,MOHSW only (GOL?),N/A,,,,,,,,,,,,,Margibi,LBR09,Kakata,LBR0903,,Laketa,6.67187,-10.35323,,,,,,,,,,,,,,,Larkay-Ta Clinic,yes
Liberia,Open,19.08.14,UN266,Lawalazu Clinic,,Clinic,,PMU,,,,0, 2,,No,,,,,,,Lofa,LBR08,Voinjama,LBR0806,,Lawalazu Town,8.449180523,-9.841686,,,,,,,,UNMO TEAM SITE –11 (VOINJAMA),11,VOINJAMA,29P,MK 07348 34056,29PMK 07348 34056,29PMK 07348 34056,Lawalzu Clinic,yes
Liberia,,,UN277,Lengbamgba Clinic,,Clinic,,GOL,,,,0,,,,,,,,,,Lofa,LBR08,Foya,LBR0801,,Lengbamgba Town,8.216927267,-10.266468,,,,,,,,UNMO TEAM SITE –11 (VOINJAMA),11,VOINJAMA,29P,LK 60 08,29PLK 60 08,29PLK 605 085,Leingbamba Clinic,yes
Liberia,,,UN282,Memolahun Clinic,,,,,,,,0,,,,,,,,,,Lofa,LBR08,Vahun,LBR0805,,Memolahun Town,8.071601333,-10.456557,,,,,,,,UNMO TEAM SITE –11 (VOINJAMA),11,VOINJAMA,29N,LJ 39 92,29NLJ 39 92,29PLJ 395 925,,
Liberia,,19.08.14,LR21-000012,Lukasu Public,,Health Center,,MOHSW only,4,,,,,,,,,,,,,Lofa,LBR08,Kolahun,LBR0802,,Lukasu,8.04735,-10.24189,,,,,,,,,,,,,,,Lukasu Clinic,yes
Liberia,,19.08.14,UN274,Luyeama Clinic,Y,Clinic,,IRC,,,,0,,,No,,,,,,,Lofa,LBR08,Zorzor,LBR0807,,Luyeama Town,8.069150614,-9.635027,,,,http://reliefweb.int/sites/reliefweb.int/files/resources/Liberia_Health_Facilitiesv2_A3.pdf.pdf,,,,UNMO TEAM SITE –11 (VOINJAMA),11,VOINJAMA,29N,MJ 30031 91997,29NMJ 30031 91997,29PMJ 30031 91997,Luyeama Clinic,yes
Liberia,,19.08.14,LR21-000028,Bondi Selma,,Clinic,,ICRC,N/A,,,,,,,,,,,,,Lofa,LBR08,Voinjama,LBR0806,,,8.26965,-9.76003,,,,,,,,,,,,,,,,
Liberia,,19.08.14,LR24-000002,Marshall,,Health Center,,MOHSW only,12,,,,,,,,,,,,,Margibi,LBR09,Mambah-Kaba,LBR0904,,Marshall,6.21314,-10.42314,,,,,,,,,,,,,,,Marshall Health Center,yes
Liberia,,19.08.14,LR21-000030,Sarkonedu Clinic,,Clinic,,PMU,N/A,,,,,,,,,,,,,Lofa,LBR08,Voinjama,LBR0806,,Sakonedu,8.4617,-9.67331,,,,,,,,,,,,,,,,
Liberia,,,UN288,Kpassagizia Clinic,,,,,,,,0,,,,,,,,,,Lofa,LBR08,Zorzor,LBR0807,,Kpassagizia Town,8.019712743,-9.412905,,,,,,,,UNMO TEAM SITE –11 (VOINJAMA),11,VOINJAMA,29N,MJ 54 86,29NMJ 54 86,29PMJ 545 865,,
Liberia,,,STF037,Modern Medical Center,,,,,,,,,,,,,,,,,,Margibi,LBR09,Kakata,LBR0903,,Kakata,6.5367,-10.35414,,,,"http://yellowpages.cybo.com/SL/bomi,_sierra_leone/hospitals/",,,,,,,,,,,Modern Medical Clinic,yes
Liberia,"
",19.08.14,LR15-000010,MTM (Martha Tubman Memorial Hospital),,Hospital,,Merlin,103,,,2,38 (200 total),,Yes,,,,,,,Grand Gedeh,LBR06,Tchien,LBR0608,,Zwedru,6.07795,-8.12434,,,,,,,,,,,,,,,Martha Tubman Memorial Hospital,yes
Liberia,,,UN271,Nyademoilahun Clinic,Y,Clinic,,GOL,,,,0,,,No,,,,,,,Lofa,LBR08,Kolahun,LBR0802,,Nyademoilahun Town,8.442188015,-9.960228,,,,,,,,UNMO TEAM SITE –11 (VOINJAMA),11,VOINJAMA,29N,LK 94296 33313,29NLK 94296 33313,29PLK 94296 33313,Nyandemoilahun Clinic,yes
Liberia,,,UN190,Pennoken Clinic,,Clinic,,GOL,,,,-,2,,,,,,,,,Grand Gedeh,LBR06,Putu,LBR0607,,Pennoken,5.590408605,-8.124181,,,,,,,,UNMO TEAM SITE - 07(ZWEDRU),7,Zwedru,29N,NG 970 180,29NNG 970 180,29NNG 970 180,Putu Pennokon Clinic,yes
Liberia,,19.08.14,LR24-000009,Peter's Town,,Clinic,,SC-UK,N/A,,,,,,,,,,,,,Margibi,LBR09,Gibi,LBR0902,,Peter Town,6.60106,-10.08654,,,,,,,,,,,,,,,Peter's Town Clinic,yes
Liberia,,,LISGIS229,Farmington - Division 28,,Clinic,,PFP,,,,,,,,,,,,,,Margibi,LBR09,Firestone,LBR0901,,Division 28,6.4364,-10.3065,,,,http://www.tlcafrica.com/lisgis/lisgis.htm,,,,,,,,,,,,
Liberia,,,UN196,Polar Town Clinic,,Clinic,,GOL,,,,-,2,,,,,,,,,Grand Gedeh,LBR06,Gbao,LBR0603,,Polar Town,6.161709414,-8.564343,,,,,,,,UNMO TEAM SITE - 07(ZWEDRU),7,Zwedru,29N,NG 482 811,29NNG 482 811,29NNG 482 811,Polar Town Clinic,yes
Liberia,,19.08.14,LR21-000013,Popalahun Health Clinic,,Clinic,,MOHSW only,N/A,,,,,,,,,,,,,Lofa,LBR08,Kolahun,LBR0802,,Popalahun,8.1758,-10.23397,,,,,,,,,,,,,,,,yes
Liberia,,19.08.14,LR24-000026,City Clinic,,Clinic,,Private - for profit,N/A,,,,,,,,,,,,,Margibi,LBR09,Kakata,LBR0903,,Kakata,6.53067,-10.3522,,,,,,1,JFK Medical Center,,,,,,,,,
Liberia,,19.08.14,UN189,Putu Jarwodee Clinic,Y,,,Merlin,,,,-,2,,,,,,,,,Grand Gedeh,LBR06,Putu,LBR0607,,Jarwodee,5.61499,-8.32108,,,,,,,,UNMO TEAM SITE - 07(ZWEDRU),7,Zwedru,29N,PF 060 910,29NPF 060 910,29NPF 060 910,Putu Jarwodee Clinic,yes
Liberia, ,19.08.14,LR24-000033,Kendei,,Clinic,,Private - for profit,N/A,,,,,,,,,,,,,Margibi,LBR09,Kakata,LBR0903,,,6.68723,-10.21073,,,,,,,,,,,,,,,,
Liberia,,19.08.14,LR24-000035,M/S Community,,Clinic,,Private - for profit,N/A,,,,,,,,,,,,,Margibi,LBR09,Kakata,LBR0903,,,6.63133,-10.63138,,,,,,,,,,,,,,,,
Liberia,,,UN286,Sakonedu  Clinic,,,,,,,,0,,,,,,,,,,Lofa,LBR08,Quardu Gboni,LBR0803,,Sakonedu Town,8.462576391,-9.667734,,,,,,,,UNMO TEAM SITE –11 (VOINJAMA),11,VOINJAMA,29P,MK 26 35,29PMK 26 35,29PMK 265 355,Sarkonnedu Clinic,yes
Liberia,Open,19.08.14,UN250,Salayea Clinic,,Clinic,,IRC,,,,N,11,N,,,,,,,,Lofa,LBR08,Salayea,LBR0804,,Salayea,7.619280818,-9.491748,,,,,,,,UNMO TEAM SITE 10 – (GBRANGA),10,Gbranga,29N,MJ 4576 4224,29NMJ 4576 4224,29NMJ 4576 4224,Salayea Clinic,yes
Liberia,,19.08.14,LR24-000030,Samuel Cooper,,Clinic,,Private - non profit,N/A,,,,,,,,,,,,,Margibi,LBR09,Kakata,LBR0903,,,6.57688,-10.31234,,,,,,,,,,,,,,,,
Liberia,,19.08.14,LR24-000032,SRC Factory,,Health Center,,Private - non profit,12,,,,,,,,,,,,,Margibi,LBR09,Kakata,LBR0903,,,6.65451,-10.12845,,,,,,,,,,,,,,,,
Liberia,,19.08.14,LR24-000005,Velleta,,Clinic,,MOHSW only,N/A,,,,,,,,,,,,,Margibi,LBR09,Kakata,LBR0903,,,6.66425,-10.33431,,,,,,,,,,,,,,,,
Liberia,,19.08.14,LR24-000013,Schifflin,,Clinic,,MOHSW only,N/A,,,,,,,,,,,,,Margibi,LBR09,Mambah-Kaba,LBR0904,,Schefflin,6.22618,-10.53418,,,,,,,,,,,,,,,Schefflin Town Clinic,yes
Liberia,,19.08.14,LR21-000050,Shello Clinic,,Clinic,,PMU,N/A,,,,,,,,,,,,,Lofa,LBR08,Foya,LBR0801,,Shelloe,8.38375,-10.20536,,,,,,,,,,,,,,,Shelloe Clinic,yes
Liberia,,,UN283,Solomba Clinic,,Clinic,,,,,,0,,,,,,,,,,Lofa,LBR08,Foya,LBR0801,,Solomba Town,8.50664847,-10.158395,,,,,,,,UNMO TEAM SITE –11 (VOINJAMA),11,VOINJAMA,29P,LK 72 40,29PLK 72 40,29PLK 725 405,Sorlumba Clinic,yes
Liberia,,19.08.14,LR24-000010,Wolola,,Clinic,,SC-UK,N/A,,,,,,,,,,,,,Margibi,LBR09,Kakata,LBR0903,,,6.5229,-10.27964,,,,,,,,,,,,,,,,
Liberia,Open,19.08.14,UN256,Sucromu Clinic,,Clinic,,IRC,,,,Nil,6,N,,,,,,,,Lofa,LBR08,Salayea,LBR0804,,Sucromu,7.722006182,-9.436097,,,,,,,,UNMO TEAM SITE 10 – (GBRANGA),10,Gbranga,29N,MJ 5191 5359,29NMJ 5191 5359,29NMJ 5191 5359,Sucromu Clinic,yes
Liberia,,19.08.14,LR24-000012,Yarnwullie,,Clinic,,SC-UK,N/A,,,,,,,,,,,,,Margibi,LBR09,Kakata,LBR0903,,,6.5639,-10.19644,,,,,,,,,,,,,,,,
Liberia,Open*,17/09/2014,LibTel,Telewowan Hospital,Y,Hospital,"ETC, Triage",MSF,40,,,,,,,,,,,31.07.2014,-,Lofa,LBR08,Voinjama,LBR0806,,Vonjama,8.42277,-9.753226,,,"Mid-Level Isolation Unit. Expansion to 40 beds, but no dates for completion set. The team will set up a referral unit so suspected Ebola patients can be isolated and transferred to the treatment center.",https://www.intertiolsos.com/ebola/index.cfm?content_id=396&language_id=ENG; WHO data,http://www.openstreetmap.org/search?query=8.42277%09-9.7532264,,,,,,,,,,Tellewoyan Memorial Hospital,yes
Liberia,,19.08.14,LR24-000017,Division 28,,Clinic,,Private - non profit,N/A,,,,,,,,,,,,,Margibi,LBR09,Mambah-Kaba,LBR0904,,,6.42156,-10.31899,,,,,,,,,,,,,,,,
Liberia,"
",19.08.14,LR15-000021,Toffoi Town,Y,Clinic,,Merlin,N/A,,,,,,,,,,,,,Grand Gedeh,LBR06,Tchien,LBR0608,,,5.96996,-8.0867,,,,,,,,,,,,,,,Toffoi Town Clinic,yes
Liberia,,,UN285,Tubugissizu Clinic,,,,,,,,0,,,,,,,,,,Lofa,LBR08,Voinjama,LBR0806,,Tubugissizu Town,8.462059317,-9.922089,,,,,,,,UNMO TEAM SITE –11 (VOINJAMA),11,VOINJAMA,29P,LK 98 35,29PLK 98 35,29PLK 985 355,Torbogizizu Clinic,yes
Liberia,,19.08.14,LR24-000028,Tucker's Town,,Clinic,,SC-UK.GOL,N/A,,,,,,,,,,,,,Margibi,LBR09,Kakata,LBR0903,,Bennie N.,6.63139,-10.2466,,,,,,,,,,,,,,,Tucker-Ta Clinic,yes
Liberia,,,UN200,Tuzon Clinic,,,,,,,,-,2,,No,,,,,,,Grand Gedeh,LBR06,Cavalla,LBR0602,,,6.169500692,-8.249805,,,,,,,,UNMO TEAM SITE - 07(ZWEDRU),7,Zwedru,29N,NG 830 820,29NNG 830 820,29NNG 830 820,Tuzon Clinic (Cavalla),yes
Liberia,,19.08.14,LR24-000016,Unification Town,,Health Center,,MOHSW only,5,,,,,,,,,,,,,Margibi,LBR09,Mambah-Kaba,LBR0904,,Unificati,6.24605,-10.35304,,,,,,,,,,,,,,,Unification Town Health Center,yes
Liberia,,19.08.14,LR21-000040,Vahun Clinic,,Health Center,,"PMU,gol",15,,,,,,,,,,,,,Lofa,LBR08,Vahun,LBR0805,,Vahun,8.0624,-10.49961,,,,,,,,,,,,,,,Vahun Health Center,yes
Liberia,,19.08.14,LR24-000022,Dolo's Town,,Clinic,,MOHSW only,N/A,,,,,,,,,,,,,Margibi,LBR09,Mambah-Kaba,LBR0904,,Dolo Town,6.25173,-10.35654,,,,,,,,,,,,,,,,
Liberia,,,UN262,Vezala Clinic,,,,,,,,0,,,,,,,,,,Lofa,LBR08,Voinjama,LBR0806,,Vezala Town,8.371680057,-9.89463,,,,,,,,UNMO TEAM SITE –11 (VOINJAMA),11,VOINJAMA,29P,MK 01 25,29PMK 01 25,29PMK 015 255,Vezala Clinic,yes
Liberia,,19.08.14,LR21-000061,Voinjama Free Pentacostal Mission,,Clinic,,Faith Based Organization,N/A,,,,,,,,,,,,,Lofa,LBR08,Voinjama,LBR0806,,,8.41848,-9.75601,,,,,,,,,,,,,,,Voinjama Free Pentecostal Clinic,yes
Liberia,,19.08.14,LR24-000008,Weala Community,,Clinic,,Private - for profit,N/A,,,,,,,,,,,,,Margibi,LBR09,Kakata,LBR0903,,,6.69155,-10.20551,,,,,,,,,,,,,,,Weala Community Clinic,yes
Liberia,,19.08.14,LR24-000018,Wohm,,Clinic,,SC-UK,N/A,,,,,,,,,,,,,Margibi,LBR09,Gibi,LBR0902,,,6.59716,-10.01847,,,,,,,,,,,,,,,Worhn Clinic,yes
Liberia,,19.08.14,LR24-000027,Harbel,,Health Center,,Private - for profit,20,,,,,,,,,,,,,Margibi,LBR09,Mambah-Kaba,LBR0904,,Harbel,6.23112,-10.32405,,,,,,,,,,,,,,,,
Liberia,,,UN280,Worsonga Clinic,,,,,,,,0,,,,,,,,,,Lofa,LBR08,Foya,LBR0801,,Worsonga Town,8.361589289,-10.276012,,,,,,,,UNMO TEAM SITE –11 (VOINJAMA),11,VOINJAMA,29P,LK 59 24,29PLK 59 24,29PLK 595 245,Worsonga Clinic,yes
Liberia,Open,19.08.14,LR24-000023,Liberian Health Care Center,,Health Center,,Private - for profit,8,,,,,,,,,,,,,Margibi,LBR09,Mambah-Kaba,LBR0904,,,6.21924,-10.592,,,,,,,,,,,,,,,,
Liberia,Open,,UN257,Yarpuah Clinic,,,,MoHSW,,,,Nil,5,N,,,,,,,,Lofa,LBR08,Salayea,LBR0804,,,7.655083319,-9.422701,,,,,,,,UNMO TEAM SITE 10 – (GBRANGA),10,Gbranga,29N,MJ 5338 4619,29NMJ 5338 4619,29NMJ 5338 4619,Yarpuah Clinic,yes
Liberia,,19.08.14,LR21-000014,Yeala,,Clinic,,IRC,N/A,,,,,,,,,,,,,Lofa,LBR08,Zorzor,LBR0807,,,7.82252,-9.4016,,,,,,,,,,,,,,,Yeala Clinic,yes
Liberia,,19.08.14,LR24-000006,Yeamai,,Clinic,,SC-UK,N/A,,,,,,,,,,,,,Margibi,LBR09,Kakata,LBR0903,,,6.74733,-10.23526,,,,,,,,,,,,,,,Yeamai Clinic,yes
Liberia,,,UN279,Yegbedu Clinic,,,,,,,,0,,,,,,,,,,Lofa,LBR08,Foya,LBR0801,,Yegbedu Town,8.235154349,-10.221138,,,,,,,,UNMO TEAM SITE –11 (VOINJAMA),11,VOINJAMA,29P,LK 65 10,29PLK 65 10,29PLK 655 105,Yekpedu Clinic,yes
Liberia,,19.08.14,LR15-000004,Zai ,Y*,Clinic,,Merlin,N/A,,,,,,,,,,,,,Grand Gedeh,LBR06,Cavalla,LBR0602,,Zai,6.19343,-8.29393,,,Changed town me to Zai to match OSM and admin2 to Gbazon to match administrative boundaires from Map Library ,,,,,,,,,,,,Zai Town Clinic,yes
Liberia,,19.08.14,LR24-000003,Zeeworth,Y*,Clinic,,MOHSW  and CAM,N/A,,,,,,,,,,,,,Margibi,LBR09,Mambah-Kaba,LBR0904,,Zoewenh,6.3534,-10.5551,,,"Changed town me to Zoewenh in order to match coordites and town me. Open Street map shows Benedict Warner Farm nearby. Leaving Center me as is Zeeworth for now. 

Duplicates LISGIS223",,,,,,,,,,,,Zeeworth Clinic,yes
Liberia,,19.08.14,LR24-000015,Pioneer,,Clinic,,Private - for profit,N/A,,,,,,,,,,,,,Margibi,LBR09,Mambah-Kaba,LBR0904,,,6.26242,-10.35916,,,,,,,,,,,,,,,,
Liberia,,19.08.14,LR21-000034,Zilormai,Y/HZ,Clinic,,MOHSW only,N/A,,,,,,,,,,,,,Lofa,LBR08,Voinjama,LBR0806,,Zilomai,8.32976,-9.83677,,,Duplicate deleted [LR21-000034],,,,,,,,,,,,Zelormai Clinic,yes
Liberia,,19.08.14,LR24-000001,Sarco Clinic,,Clinic,,Private - for profit,N/A,,,,,,,,,,,,,Margibi,LBR09,Mambah-Kaba,LBR0904,,,6.24332,-10.34709,,,,,,,,,,,,,,,,
Liberia,,19.08.14,LR21-000022,Zolowo,Y/HZ,Clinic,,IRC,N/A,,,,,,,,,,,,,Lofa,LBR08,Zorzor,LBR0807,,Zolowo,7.65288,-9.58821,,,,,,,,,,,,,,,Zolowo Clinic,yes
